,ID,gender,StageID,GradeID,Topic,raisedHands,VisitedResources,AnnouncementsView,Discussion,StudentAbsenceDays,Class
0,1,M,lowerlevel,G-04,IT,15,16,2,20,Under-7,M
1,2,M,lowerlevel,G-04,IT,20,20,3,25,Under-7,M
2,3,M,lowerlevel,G-04,IT,10,7,0,30,Above-7,L
3,4,M,lowerlevel,G-04,IT,30,25,5,35,Above-7,L
4,5,M,lowerlevel,G-04,IT,40,50,12,50,Above-7,M
5,6,F,lowerlevel,G-04,IT,42,30,13,70,Above-7,M
6,7,M,MiddleSchool,G-07,Math,35,12,0,17,Above-7,L
7,8,M,MiddleSchool,G-07,Math,50,10,15,22,Under-7,M
8,9,F,MiddleSchool,G-07,Math,12,21,16,50,Under-7,M
9,10,F,MiddleSchool,G-07,IT,70,80,25,70,Under-7,M
10,11,M,MiddleSchool,G-07,Math,50,88,30,80,Under-7,H
11,12,M,MiddleSchool,G-07,Math,19,6,19,12,Under-7,M
12,13,M,lowerlevel,G-04,IT,5,1,0,11,Above-7,L
13,14,M,MiddleSchool,G-08,Math,20,14,12,19,Above-7,L
14,15,F,MiddleSchool,G-08,Math,62,70,44,60,Above-7,H
15,16,F,MiddleSchool,G-06,IT,30,40,22,66,Under-7,M
16,17,M,MiddleSchool,G-07,IT,36,30,20,80,Above-7,M
17,18,M,MiddleSchool,G-07,Math,55,13,35,90,Above-7,M
18,19,F,MiddleSchool,G-07,IT,69,15,36,96,Under-7,M
19,20,M,MiddleSchool,G-07,IT,70,50,40,99,Under-7,H
20,21,F,MiddleSchool,G-07,IT,60,60,33,90,Above-7,M
21,22,F,MiddleSchool,G-07,IT,10,12,4,80,Under-7,M
22,23,M,MiddleSchool,G-07,IT,15,21,2,90,Under-7,M
23,24,M,MiddleSchool,G-07,IT,2,0,2,50,Above-7,L
24,25,M,MiddleSchool,G-07,IT,0,2,3,70,Above-7,L
25,26,M,MiddleSchool,G-07,IT,8,7,30,40,Above-7,L
26,27,M,MiddleSchool,G-07,IT,19,19,25,40,Under-7,M
27,28,M,MiddleSchool,G-08,Arabic,25,15,12,33,Above-7,L
28,29,M,MiddleSchool,G-08,Science,75,85,52,43,Under-7,M
29,30,F,MiddleSchool,G-08,Arabic,30,90,33,35,Under-7,M
30,31,F,MiddleSchool,G-08,Arabic,35,80,50,70,Under-7,H
31,32,M,MiddleSchool,G-07,IT,4,5,40,16,Above-7,L
32,33,F,lowerlevel,G-07,IT,2,19,10,50,Above-7,L
33,34,M,lowerlevel,G-05,English,8,22,9,40,Above-7,L
34,35,M,MiddleSchool,G-07,Science,12,11,8,40,Above-7,L
35,36,M,MiddleSchool,G-07,English,10,12,17,30,Above-7,L
36,37,M,MiddleSchool,G-07,Science,8,6,4,22,Above-7,L
37,38,F,MiddleSchool,G-07,IT,45,54,26,90,Under-7,M
38,39,M,MiddleSchool,G-06,IT,0,0,0,4,Above-7,L
39,40,F,MiddleSchool,G-07,Science,50,90,37,70,Under-7,M
40,41,F,MiddleSchool,G-07,IT,14,13,3,70,Above-7,L
41,42,M,MiddleSchool,G-07,IT,19,20,16,50,Under-7,M
42,43,M,HighSchool,G-09,IT,10,12,7,33,Above-7,L
43,44,F,HighSchool,G-09,IT,30,35,28,90,Under-7,M
44,45,F,HighSchool,G-09,IT,33,33,30,90,Under-7,M
45,46,M,MiddleSchool,G-07,Quran,20,12,15,70,Above-7,L
46,47,M,lowerlevel,G-05,English,7,10,1,30,Above-7,L
47,48,F,HighSchool,G-12,English,70,4,39,90,Under-7,H
48,49,F,HighSchool,G-12,English,13,80,40,88,Under-7,H
49,50,F,HighSchool,G-12,English,29,39,50,77,Under-7,M
50,51,F,HighSchool,G-12,English,20,14,12,70,Above-7,L
51,52,M,HighSchool,G-12,English,39,15,16,50,Above-7,L
52,53,F,HighSchool,G-12,English,55,90,16,40,Under-7,M
53,54,F,HighSchool,G-11,Science,49,70,19,75,Under-7,H
54,55,M,HighSchool,G-12,English,12,50,8,30,Above-7,L
55,56,M,MiddleSchool,G-07,Math,16,14,6,20,Above-7,L
56,57,M,MiddleSchool,G-08,Math,19,5,4,1,Above-7,L
57,58,M,MiddleSchool,G-07,Math,5,2,6,5,Above-7,L
58,59,M,MiddleSchool,G-07,Math,28,60,19,50,Under-7,M
59,60,F,MiddleSchool,G-07,Math,27,22,22,40,Under-7,M
60,61,F,lowerlevel,G-05,English,21,10,28,20,Above-7,L
61,62,M,HighSchool,G-10,IT,50,70,32,40,Under-7,M
62,63,M,HighSchool,G-10,IT,80,90,70,80,Under-7,H
63,64,M,HighSchool,G-10,IT,17,13,16,12,Under-7,M
64,65,M,HighSchool,G-10,IT,0,5,7,2,Above-7,L
65,66,M,HighSchool,G-12,English,13,5,18,19,Above-7,L
66,67,F,HighSchool,G-12,English,25,10,19,30,Above-7,M
67,68,F,HighSchool,G-12,English,65,75,23,80,Under-7,H
68,69,F,HighSchool,G-12,IT,70,69,35,30,Under-7,H
69,70,M,MiddleSchool,G-07,IT,39,40,11,33,Under-7,M
70,71,M,MiddleSchool,G-07,IT,22,30,10,12,Above-7,L
71,72,M,MiddleSchool,G-07,IT,29,22,9,20,Under-7,M
72,73,M,MiddleSchool,G-07,Math,11,2,2,8,Under-7,L
73,74,F,MiddleSchool,G-07,English,19,30,26,19,Above-7,M
74,75,M,MiddleSchool,G-07,IT,12,0,6,13,Under-7,L
75,76,M,MiddleSchool,G-07,Quran,50,90,29,60,Under-7,M
76,77,M,HighSchool,G-09,IT,15,70,37,44,Under-7,M
77,78,M,HighSchool,G-09,IT,20,80,33,33,Under-7,M
78,79,M,HighSchool,G-11,Quran,13,3,11,9,Above-7,L
79,80,F,MiddleSchool,G-07,Math,80,90,49,55,Under-7,H
80,81,M,MiddleSchool,G-07,Math,8,15,10,40,Under-7,L
81,82,M,lowerlevel,G-02,IT,8,25,1,70,Above-7,L
82,83,M,lowerlevel,G-02,IT,7,5,2,80,Above-7,L
83,84,M,lowerlevel,G-02,IT,7,4,10,50,Above-7,M
84,85,M,lowerlevel,G-02,IT,50,70,50,10,Above-7,H
85,86,M,lowerlevel,G-02,IT,1,0,1,12,Above-7,L
86,87,M,lowerlevel,G-02,IT,70,12,40,50,Under-7,H
87,88,M,lowerlevel,G-02,IT,19,70,3,50,Under-7,L
88,89,F,lowerlevel,G-02,IT,3,12,4,33,Under-7,L
89,90,M,lowerlevel,G-02,IT,5,20,1,50,Above-7,L
90,91,M,lowerlevel,G-02,IT,4,8,10,60,Above-7,L
91,92,M,lowerlevel,G-02,IT,80,90,55,19,Under-7,H
92,93,F,lowerlevel,G-02,IT,50,70,19,15,Under-7,H
93,94,M,lowerlevel,G-02,IT,55,89,40,40,Under-7,H
94,95,F,lowerlevel,G-02,IT,80,44,35,10,Above-7,L
95,96,F,lowerlevel,G-02,IT,100,80,2,70,Under-7,H
96,97,F,lowerlevel,G-02,IT,14,60,11,75,Under-7,H
97,98,F,lowerlevel,G-02,IT,6,2,38,12,Under-7,M
98,99,F,lowerlevel,G-02,IT,10,3,0,30,Under-7,M
99,100,M,lowerlevel,G-02,IT,50,7,9,50,Above-7,M
100,101,M,lowerlevel,G-02,IT,50,90,40,90,Under-7,M
101,102,F,lowerlevel,G-02,IT,70,92,50,7,Under-7,H
102,103,F,lowerlevel,G-02,IT,2,6,2,8,Above-7,L
103,104,M,lowerlevel,G-02,IT,1,7,6,10,Above-7,L
104,105,M,lowerlevel,G-02,IT,0,12,3,3,Above-7,M
105,106,F,lowerlevel,G-02,IT,0,0,5,80,Above-7,L
106,107,F,lowerlevel,G-02,IT,12,26,7,40,Under-7,M
107,108,M,lowerlevel,G-02,IT,70,90,41,33,Under-7,H
108,109,M,lowerlevel,G-02,IT,7,12,5,3,Above-7,M
109,110,M,lowerlevel,G-02,IT,90,70,30,14,Under-7,M
110,111,F,lowerlevel,G-02,IT,70,88,55,40,Under-7,H
111,112,M,lowerlevel,G-02,IT,77,80,51,80,Under-7,M
112,113,M,lowerlevel,G-02,IT,2,5,3,50,Above-7,L
113,114,M,lowerlevel,G-02,IT,25,27,0,69,Above-7,L
114,115,M,lowerlevel,G-02,IT,11,2,0,50,Above-7,L
115,116,M,lowerlevel,G-02,IT,0,8,11,70,Above-7,L
116,117,F,lowerlevel,G-02,IT,77,80,12,19,Above-7,M
117,118,F,lowerlevel,G-02,IT,25,29,40,17,Under-7,H
118,119,F,lowerlevel,G-02,IT,24,35,23,22,Above-7,M
119,120,M,lowerlevel,G-02,IT,60,60,3,60,Under-7,M
120,121,M,lowerlevel,G-02,IT,21,12,0,50,Under-7,M
121,122,M,lowerlevel,G-02,IT,0,4,8,30,Above-7,L
122,123,F,lowerlevel,G-02,IT,66,90,55,12,Above-7,M
123,124,F,lowerlevel,G-02,IT,70,98,7,5,Under-7,M
124,125,M,lowerlevel,G-02,IT,0,6,4,15,Under-7,L
125,126,M,lowerlevel,G-02,IT,12,30,0,17,Above-7,L
126,127,F,lowerlevel,G-02,IT,2,9,7,55,Under-7,M
127,128,M,lowerlevel,G-02,IT,55,33,6,9,Above-7,L
128,129,M,lowerlevel,G-02,IT,12,10,20,16,Under-7,L
129,130,M,lowerlevel,G-02,IT,70,90,2,2,Under-7,L
130,131,F,lowerlevel,G-02,IT,7,9,5,30,Above-7,L
131,132,M,lowerlevel,G-02,IT,80,42,20,50,Under-7,M
132,133,M,lowerlevel,G-02,IT,0,3,10,3,Above-7,L
133,134,M,lowerlevel,G-02,IT,12,60,0,70,Above-7,L
134,135,M,MiddleSchool,G-07,Quran,80,80,15,70,Under-7,H
135,136,F,MiddleSchool,G-07,Quran,70,80,95,70,Under-7,H
136,137,F,HighSchool,G-11,Quran,70,80,95,70,Under-7,H
137,138,F,HighSchool,G-11,Quran,60,80,50,40,Under-7,M
138,139,F,MiddleSchool,G-07,Quran,100,80,95,90,Under-7,H
139,140,M,MiddleSchool,G-07,Quran,100,85,85,70,Under-7,M
140,141,M,MiddleSchool,G-07,Quran,10,60,5,20,Above-7,L
141,142,M,MiddleSchool,G-07,Quran,19,65,50,10,Above-7,L
142,143,M,MiddleSchool,G-07,Quran,10,75,55,11,Under-7,M
143,144,M,MiddleSchool,G-07,Quran,80,90,55,19,Under-7,H
144,145,M,MiddleSchool,G-07,Quran,10,10,15,19,Above-7,L
145,146,M,MiddleSchool,G-07,Quran,70,75,55,11,Under-7,M
146,147,F,MiddleSchool,G-07,Quran,100,75,50,70,Under-7,H
147,148,F,MiddleSchool,G-07,Quran,10,79,30,30,Under-7,M
148,149,F,MiddleSchool,G-07,Quran,60,55,30,40,Under-7,M
149,150,F,MiddleSchool,G-07,Quran,100,75,50,70,Under-7,H
150,151,M,HighSchool,G-11,Quran,80,80,51,59,Under-7,H
151,152,M,HighSchool,G-11,Science,23,63,71,89,Under-7,M
152,153,F,HighSchool,G-11,Science,100,91,98,40,Under-7,H
153,154,M,HighSchool,G-11,Spanish,10,51,40,40,Above-7,L
154,155,M,HighSchool,G-11,English,70,50,33,41,Above-7,M
155,156,M,HighSchool,G-11,Math,70,58,73,91,Under-7,H
156,157,F,HighSchool,G-11,French,70,50,30,49,Under-7,M
157,158,M,HighSchool,G-11,Science,70,50,33,40,Under-7,M
158,159,M,MiddleSchool,G-07,Science,22,51,48,10,Above-7,L
159,160,F,MiddleSchool,G-07,Science,62,68,48,80,Under-7,M
160,161,F,MiddleSchool,G-07,Science,82,89,58,50,Under-7,H
161,162,M,MiddleSchool,G-07,Science,72,80,58,66,Under-7,M
162,163,F,lowerlevel,G-02,French,70,82,3,73,Under-7,H
163,164,F,lowerlevel,G-02,French,60,82,93,43,Above-7,M
164,165,M,lowerlevel,G-02,French,55,72,83,14,Above-7,M
165,166,F,lowerlevel,G-02,French,72,65,73,66,Under-7,H
166,167,M,lowerlevel,G-02,French,51,82,53,43,Under-7,M
167,168,M,lowerlevel,G-02,French,80,92,83,43,Under-7,H
168,169,M,lowerlevel,G-02,French,60,52,23,33,Under-7,H
169,170,M,lowerlevel,G-02,French,30,12,29,23,Under-7,M
170,171,M,lowerlevel,G-02,French,40,62,83,33,Under-7,H
171,172,M,lowerlevel,G-02,French,60,52,23,33,Under-7,M
172,173,M,lowerlevel,G-02,French,20,22,53,13,Above-7,L
173,174,M,lowerlevel,G-02,French,20,52,23,33,Above-7,L
174,175,F,lowerlevel,G-02,French,50,62,73,43,Above-7,M
175,176,M,lowerlevel,G-02,French,10,2,13,53,Above-7,L
176,177,M,lowerlevel,G-02,French,60,52,23,33,Under-7,H
177,178,F,lowerlevel,G-02,French,15,52,83,11,Under-7,M
178,179,F,lowerlevel,G-02,French,80,42,33,13,Under-7,H
179,180,M,lowerlevel,G-02,French,40,51,20,33,Under-7,M
180,181,F,lowerlevel,G-02,French,60,70,63,93,Under-7,H
181,182,M,lowerlevel,G-02,French,50,62,13,33,Above-7,L
182,183,M,MiddleSchool,G-08,Arabic,85,75,62,53,Under-7,H
183,184,F,MiddleSchool,G-08,Arabic,25,15,32,53,Under-7,M
184,185,M,MiddleSchool,G-08,Arabic,10,35,30,13,Above-7,L
185,186,M,MiddleSchool,G-08,Arabic,87,65,82,33,Under-7,H
186,187,M,MiddleSchool,G-08,Arabic,85,15,22,53,Under-7,M
187,188,F,MiddleSchool,G-08,Arabic,80,71,52,51,Under-7,M
188,189,M,MiddleSchool,G-08,Arabic,75,71,72,53,Under-7,H
189,190,F,MiddleSchool,G-08,Arabic,85,66,12,23,Under-7,M
190,191,M,MiddleSchool,G-08,Arabic,23,25,32,53,Under-7,L
191,192,M,MiddleSchool,G-08,Arabic,15,25,37,13,Above-7,L
192,193,M,MiddleSchool,G-08,Arabic,95,91,62,53,Under-7,M
193,194,M,MiddleSchool,G-08,Arabic,81,75,62,53,Under-7,M
194,195,M,MiddleSchool,G-08,Arabic,53,75,72,23,Under-7,M
195,196,M,MiddleSchool,G-08,Arabic,15,43,42,33,Under-7,M
196,197,M,MiddleSchool,G-08,Arabic,92,65,62,53,Under-7,H
197,198,M,MiddleSchool,G-08,Arabic,83,75,62,53,Under-7,H
198,199,M,MiddleSchool,G-08,Arabic,27,15,42,53,Above-7,L
199,200,M,MiddleSchool,G-08,Arabic,45,95,12,13,Under-7,M
200,201,M,MiddleSchool,G-08,Arabic,15,90,52,83,Under-7,H
201,202,F,MiddleSchool,G-08,Arabic,45,58,52,43,Under-7,H
202,203,M,MiddleSchool,G-08,Arabic,25,5,12,33,Under-7,M
203,204,F,MiddleSchool,G-08,Arabic,22,51,42,40,Under-7,M
204,205,M,MiddleSchool,G-08,Arabic,29,10,12,24,Above-7,L
205,206,F,MiddleSchool,G-08,Arabic,72,51,42,24,Above-7,H
206,207,M,MiddleSchool,G-08,Arabic,67,31,42,14,Under-7,M
207,208,M,MiddleSchool,G-08,Spanish,17,21,42,14,Under-7,M
208,209,M,MiddleSchool,G-08,Spanish,27,41,49,14,Under-7,M
209,210,M,MiddleSchool,G-08,Spanish,70,81,39,84,Under-7,M
210,211,M,MiddleSchool,G-08,Spanish,27,90,82,14,Under-7,H
211,212,M,MiddleSchool,G-08,Spanish,17,61,42,14,Under-7,M
212,213,M,MiddleSchool,G-08,Spanish,87,81,42,19,Under-7,H
213,214,M,MiddleSchool,G-08,Spanish,7,61,22,14,Above-7,L
214,215,M,MiddleSchool,G-08,Spanish,17,50,2,4,Above-7,L
215,216,M,MiddleSchool,G-08,Spanish,5,21,42,14,Above-7,L
216,217,M,MiddleSchool,G-08,Spanish,27,41,32,61,Above-7,M
217,218,F,MiddleSchool,G-08,Spanish,87,88,40,10,Under-7,M
218,219,M,MiddleSchool,G-08,Spanish,96,61,42,94,Under-7,H
219,220,M,MiddleSchool,G-08,Spanish,57,51,46,34,Under-7,M
220,221,M,MiddleSchool,G-08,Spanish,77,69,41,13,Under-7,M
221,222,M,MiddleSchool,G-08,Spanish,80,51,40,24,Under-7,M
222,223,M,MiddleSchool,G-08,Spanish,62,61,82,40,Under-7,M
223,224,M,MiddleSchool,G-08,Spanish,72,83,12,90,Under-7,H
224,225,M,MiddleSchool,G-08,Spanish,87,81,22,70,Under-7,H
225,226,M,MiddleSchool,G-08,Spanish,72,90,12,30,Under-7,M
226,227,M,MiddleSchool,G-08,Spanish,2,11,62,30,Under-7,L
227,228,M,MiddleSchool,G-08,Spanish,5,3,2,10,Under-7,L
228,229,M,HighSchool,G-11,Math,73,84,77,81,Above-7,H
229,230,M,MiddleSchool,G-08,Spanish,5,17,21,10,Above-7,L
230,231,M,MiddleSchool,G-08,Spanish,51,42,12,29,Above-7,M
231,232,M,MiddleSchool,G-08,Spanish,9,7,21,20,Above-7,L
232,233,M,MiddleSchool,G-07,Quran,19,72,15,50,Above-7,M
233,234,F,MiddleSchool,G-07,Science,32,80,58,46,Above-7,M
234,235,M,MiddleSchool,G-07,Science,32,60,58,66,Above-7,M
235,236,M,MiddleSchool,G-07,Science,12,8,18,26,Above-7,L
236,237,M,MiddleSchool,G-07,Science,52,10,13,6,Above-7,L
237,238,M,MiddleSchool,G-07,Science,72,80,58,66,Above-7,M
238,239,F,MiddleSchool,G-07,Science,72,80,58,66,Above-7,M
239,240,M,MiddleSchool,G-07,Science,92,80,88,76,Under-7,H
240,241,M,MiddleSchool,G-07,Science,72,80,98,96,Under-7,H
241,242,M,MiddleSchool,G-07,Science,72,80,58,86,Under-7,M
242,243,M,MiddleSchool,G-07,Science,22,20,18,6,Above-7,L
243,244,M,MiddleSchool,G-07,Science,12,20,38,46,Above-7,M
244,245,M,MiddleSchool,G-07,IT,70,92,83,85,Under-7,H
245,246,F,MiddleSchool,G-06,IT,50,40,52,66,Under-7,M
246,247,F,MiddleSchool,G-06,Science,80,94,62,77,Under-7,H
247,248,F,MiddleSchool,G-06,Math,87,48,82,96,Above-7,M
248,249,F,MiddleSchool,G-06,Quran,70,40,2,16,Above-7,L
249,250,M,lowerlevel,G-04,IT,65,86,62,40,Above-7,M
250,251,M,lowerlevel,G-04,Math,15,6,32,40,Under-7,H
251,252,M,lowerlevel,G-04,English,19,74,32,17,Above-7,L
252,253,F,lowerlevel,G-04,Science,69,76,82,94,Under-7,M
253,254,M,lowerlevel,G-04,Arabic,39,26,12,44,Above-7,L
254,255,M,lowerlevel,G-04,English,59,97,42,70,Under-7,H
255,256,M,lowerlevel,G-04,History,10,17,12,40,Under-7,H
256,257,F,lowerlevel,G-04,History,80,87,72,60,Under-7,H
257,258,F,lowerlevel,G-04,History,70,99,66,65,Under-7,M
258,259,F,lowerlevel,G-04,History,80,97,86,95,Under-7,M
259,260,M,lowerlevel,G-04,English,69,34,12,17,Above-7,L
260,261,M,lowerlevel,G-04,History,10,17,12,14,Above-7,L
261,262,M,lowerlevel,G-04,History,61,97,82,64,Above-7,M
262,263,F,lowerlevel,G-04,History,21,27,52,34,Above-7,M
263,264,M,lowerlevel,G-04,Math,49,94,42,7,Above-7,M
264,265,F,MiddleSchool,G-06,English,70,64,42,32,Under-7,M
265,266,F,MiddleSchool,G-06,English,79,84,82,37,Under-7,H
266,267,M,MiddleSchool,G-06,English,19,80,12,17,Above-7,M
267,268,M,MiddleSchool,G-06,English,11,70,32,29,Above-7,M
268,269,M,MiddleSchool,G-06,English,10,8,10,10,Above-7,M
269,270,M,MiddleSchool,G-06,English,18,28,40,20,Above-7,M
270,271,F,MiddleSchool,G-06,English,90,84,52,30,Under-7,H
271,272,F,MiddleSchool,G-06,English,92,81,32,36,Under-7,M
272,273,M,MiddleSchool,G-06,English,42,21,2,16,Under-7,M
273,274,M,MiddleSchool,G-06,English,22,20,6,26,Under-7,H
274,275,F,MiddleSchool,G-06,English,95,82,82,70,Under-7,H
275,276,F,MiddleSchool,G-06,English,90,62,80,60,Under-7,H
276,277,M,MiddleSchool,G-06,English,72,21,22,26,Under-7,H
277,278,M,MiddleSchool,G-06,English,92,31,42,27,Under-7,H
278,279,M,MiddleSchool,G-06,English,82,31,52,25,Under-7,M
279,280,M,MiddleSchool,G-06,English,72,41,46,27,Under-7,M
280,281,M,MiddleSchool,G-06,English,74,71,56,37,Under-7,H
281,282,M,MiddleSchool,G-06,English,74,60,56,37,Under-7,H
282,283,F,MiddleSchool,G-06,English,95,94,72,80,Under-7,H
283,284,F,MiddleSchool,G-06,English,97,87,82,86,Under-7,H
284,285,M,MiddleSchool,G-06,English,40,38,32,36,Above-7,M
285,286,M,MiddleSchool,G-06,English,41,39,35,39,Above-7,M
286,287,F,MiddleSchool,G-06,English,51,79,85,89,Under-7,H
287,288,F,MiddleSchool,G-06,English,81,79,91,85,Under-7,H
288,289,M,MiddleSchool,G-06,English,71,70,65,69,Under-7,M
289,290,M,MiddleSchool,G-06,English,75,71,76,80,Under-7,M
290,291,F,lowerlevel,G-04,Science,49,36,32,44,Above-7,L
291,292,F,lowerlevel,G-04,Science,42,24,12,24,Above-7,L
292,293,F,lowerlevel,G-04,Science,90,86,82,74,Under-7,H
293,294,F,lowerlevel,G-04,Science,62,64,72,84,Under-7,H
294,295,M,lowerlevel,G-04,Science,90,86,82,74,Above-7,M
295,296,M,lowerlevel,G-04,Science,62,64,72,84,Above-7,M
296,297,F,lowerlevel,G-04,Science,98,87,86,84,Under-7,H
297,298,F,lowerlevel,G-04,Science,72,74,82,89,Under-7,H
298,299,M,lowerlevel,G-04,Science,18,17,26,34,Above-7,M
299,300,M,lowerlevel,G-04,Science,32,14,32,29,Above-7,M
300,301,M,lowerlevel,G-04,Science,10,12,20,13,Above-7,L
301,302,M,lowerlevel,G-04,Science,22,34,15,9,Above-7,L
302,303,F,lowerlevel,G-04,Science,11,20,21,23,Under-7,M
303,304,F,lowerlevel,G-04,Science,12,44,25,39,Under-7,M
304,305,F,lowerlevel,G-04,Science,15,50,24,43,Under-7,M
305,306,F,lowerlevel,G-04,Science,32,44,29,89,Under-7,M
306,307,M,lowerlevel,G-04,Science,65,59,74,83,Under-7,H
307,308,M,lowerlevel,G-04,Science,72,64,59,89,Under-7,H
308,309,M,lowerlevel,G-04,Science,95,57,74,89,Above-7,M
309,310,M,lowerlevel,G-04,Science,82,84,79,79,Above-7,M
310,311,M,lowerlevel,G-04,Science,25,29,34,33,Above-7,M
311,312,M,lowerlevel,G-04,Science,42,34,29,39,Above-7,M
312,313,F,lowerlevel,G-04,Science,55,79,44,43,Under-7,H
313,314,F,lowerlevel,G-04,Science,62,64,69,49,Under-7,H
314,315,F,lowerlevel,G-04,Science,78,88,74,83,Under-7,H
315,316,F,lowerlevel,G-04,Science,72,84,89,89,Under-7,H
316,317,M,lowerlevel,G-02,French,60,92,83,23,Under-7,H
317,318,M,lowerlevel,G-02,French,50,90,83,13,Under-7,H
318,319,F,lowerlevel,G-02,French,60,97,13,3,Under-7,H
319,320,F,lowerlevel,G-02,French,50,95,23,10,Under-7,H
320,321,F,lowerlevel,G-02,French,60,87,23,11,Above-7,M
321,322,F,lowerlevel,G-02,French,50,80,20,15,Above-7,M
322,323,M,lowerlevel,G-02,French,10,15,10,21,Above-7,L
323,324,M,lowerlevel,G-02,French,30,10,20,5,Above-7,L
324,325,M,lowerlevel,G-02,French,24,35,18,31,Under-7,M
325,326,M,lowerlevel,G-02,French,27,20,33,35,Under-7,M
326,327,M,lowerlevel,G-02,French,10,15,10,21,Above-7,L
327,328,M,lowerlevel,G-02,French,30,10,20,5,Above-7,L
328,329,F,lowerlevel,G-02,French,80,77,63,83,Under-7,M
329,330,F,lowerlevel,G-02,French,75,85,73,80,Under-7,M
330,331,M,lowerlevel,G-02,French,40,7,50,41,Above-7,L
331,332,M,lowerlevel,G-02,French,35,2,29,33,Above-7,L
332,333,F,lowerlevel,G-02,French,10,90,30,21,Under-7,M
333,334,F,lowerlevel,G-02,French,25,80,29,23,Under-7,M
334,335,M,lowerlevel,G-02,French,10,8,9,3,Above-7,L
335,336,M,lowerlevel,G-02,French,15,7,12,7,Above-7,L
336,337,F,lowerlevel,G-02,French,70,90,20,21,Under-7,M
337,338,F,lowerlevel,G-02,French,75,80,15,20,Under-7,M
338,339,F,lowerlevel,G-02,French,78,98,10,11,Under-7,M
339,340,F,lowerlevel,G-02,French,79,89,11,14,Under-7,M
340,341,F,lowerlevel,G-02,French,16,90,15,11,Under-7,M
341,342,F,lowerlevel,G-02,French,17,80,13,10,Under-7,M
342,343,M,lowerlevel,G-02,French,40,87,50,41,Under-7,M
343,344,M,lowerlevel,G-02,French,35,92,29,33,Under-7,M
344,345,F,lowerlevel,G-02,French,14,97,15,14,Under-7,H
345,346,F,lowerlevel,G-02,French,13,82,20,30,Under-7,H
346,347,F,lowerlevel,G-02,French,24,97,15,14,Under-7,H
347,348,F,lowerlevel,G-02,French,23,82,20,30,Under-7,H
348,349,M,lowerlevel,G-02,French,20,3,9,3,Above-7,L
349,350,M,lowerlevel,G-02,French,15,4,12,7,Above-7,L
350,351,M,lowerlevel,G-02,French,5,13,6,6,Above-7,L
351,352,M,lowerlevel,G-02,French,7,9,11,10,Above-7,L
352,353,F,lowerlevel,G-02,French,10,94,40,11,Under-7,M
353,354,F,lowerlevel,G-02,French,25,89,21,13,Under-7,M
354,355,M,lowerlevel,G-02,French,30,98,42,21,Under-7,H
355,356,M,lowerlevel,G-02,French,35,97,41,23,Under-7,H
356,357,M,lowerlevel,G-02,French,32,88,32,25,Under-7,M
357,358,M,lowerlevel,G-02,French,25,87,21,27,Under-7,M
358,359,F,lowerlevel,G-02,French,72,98,52,15,Under-7,H
359,360,F,lowerlevel,G-02,French,75,90,51,17,Under-7,H
360,361,M,lowerlevel,G-02,Arabic,20,88,31,28,Above-7,M
361,362,M,lowerlevel,G-02,Arabic,10,98,41,38,Above-7,M
362,363,M,lowerlevel,G-02,Arabic,90,98,41,38,Under-7,H
363,364,M,lowerlevel,G-02,Arabic,80,88,51,39,Under-7,H
364,365,M,lowerlevel,G-02,Arabic,80,95,21,28,Under-7,H
365,366,M,lowerlevel,G-02,Arabic,78,70,31,29,Under-7,H
366,367,M,lowerlevel,G-02,Arabic,10,18,71,38,Above-7,M
367,368,M,lowerlevel,G-02,Arabic,10,58,51,48,Above-7,M
368,369,F,lowerlevel,G-02,Arabic,98,88,60,31,Under-7,H
369,370,F,lowerlevel,G-02,Arabic,75,81,51,34,Under-7,H
370,371,M,lowerlevel,G-02,Arabic,10,17,50,21,Under-7,M
371,372,M,lowerlevel,G-02,Arabic,35,2,29,23,Under-7,M
372,373,F,lowerlevel,G-02,Arabic,10,20,22,97,Above-7,L
373,374,F,lowerlevel,G-02,Arabic,5,9,19,98,Above-7,L
374,375,M,lowerlevel,G-02,Arabic,10,10,40,51,Above-7,L
375,376,M,lowerlevel,G-02,Arabic,35,2,29,23,Above-7,L
376,377,M,lowerlevel,G-02,Arabic,20,90,50,61,Above-7,M
377,378,M,lowerlevel,G-02,Arabic,32,82,59,63,Above-7,M
378,379,M,lowerlevel,G-02,Arabic,10,30,50,91,Above-7,L
379,380,M,lowerlevel,G-02,Arabic,12,22,59,83,Above-7,L
380,381,F,lowerlevel,G-02,Arabic,11,20,20,98,Above-7,L
381,382,F,lowerlevel,G-02,Arabic,10,12,29,93,Above-7,L
382,383,M,lowerlevel,G-02,Arabic,69,82,20,28,Under-7,H
383,384,M,lowerlevel,G-02,Arabic,70,83,29,33,Under-7,H
384,385,F,lowerlevel,G-02,Arabic,89,92,40,28,Under-7,H
385,386,F,lowerlevel,G-02,Arabic,79,93,49,23,Under-7,H
386,387,M,lowerlevel,G-02,Arabic,15,90,21,97,Under-7,M
387,388,M,lowerlevel,G-02,Arabic,20,77,31,88,Under-7,M
388,389,M,lowerlevel,G-02,Arabic,4,10,11,7,Above-7,L
389,390,M,lowerlevel,G-02,Arabic,5,0,1,8,Above-7,L
390,391,F,MiddleSchool,G-07,Biology,88,81,50,10,Above-7,M
391,392,F,MiddleSchool,G-07,Biology,90,88,54,12,Above-7,M
392,393,F,MiddleSchool,G-07,Biology,86,98,50,20,Under-7,H
393,394,F,MiddleSchool,G-07,Biology,90,90,57,22,Under-7,H
394,395,M,MiddleSchool,G-07,Biology,78,91,50,40,Under-7,H
395,396,M,MiddleSchool,G-07,Biology,70,98,54,72,Under-7,H
396,397,M,MiddleSchool,G-07,Biology,80,80,46,61,Under-7,M
397,398,M,MiddleSchool,G-07,Biology,85,82,59,63,Under-7,M
398,399,M,MiddleSchool,G-07,Biology,88,90,86,81,Under-7,H
399,400,M,MiddleSchool,G-07,Biology,89,92,89,83,Under-7,H
400,401,M,MiddleSchool,G-07,Biology,39,71,40,26,Above-7,M
401,402,M,MiddleSchool,G-07,Biology,35,80,34,22,Above-7,M
402,403,M,MiddleSchool,G-07,Biology,76,81,80,86,Under-7,H
403,404,M,MiddleSchool,G-07,Biology,65,89,64,82,Under-7,H
404,405,F,MiddleSchool,G-07,Biology,96,95,70,70,Under-7,H
405,406,F,MiddleSchool,G-07,Biology,80,91,87,72,Under-7,H
406,407,M,MiddleSchool,G-07,Biology,2,9,10,1,Above-7,L
407,408,M,MiddleSchool,G-07,Biology,3,8,19,3,Above-7,L
408,409,M,MiddleSchool,G-07,Biology,50,79,10,31,Under-7,M
409,410,M,MiddleSchool,G-07,Biology,53,88,9,33,Under-7,M
410,411,F,MiddleSchool,G-07,Biology,70,89,12,21,Under-7,H
411,412,F,MiddleSchool,G-07,Biology,59,90,19,43,Under-7,H
412,413,M,MiddleSchool,G-07,Biology,78,80,66,51,Under-7,M
413,414,M,MiddleSchool,G-07,Biology,79,72,79,83,Under-7,M
414,415,F,MiddleSchool,G-07,Biology,10,9,2,1,Above-7,L
415,416,F,MiddleSchool,G-07,Biology,9,7,9,3,Above-7,L
416,417,M,MiddleSchool,G-07,Biology,98,90,86,71,Under-7,H
417,418,M,MiddleSchool,G-07,Biology,89,92,89,83,Under-7,H
418,419,M,MiddleSchool,G-07,Biology,88,90,76,81,Under-7,H
419,420,M,MiddleSchool,G-07,Biology,99,96,89,84,Under-7,H
420,421,F,MiddleSchool,G-08,Chemistry,82,89,22,31,Under-7,H
421,422,F,MiddleSchool,G-08,Chemistry,84,92,29,43,Under-7,H
422,423,F,MiddleSchool,G-08,Geology,70,69,46,45,Above-7,M
423,424,F,MiddleSchool,G-08,Geology,74,62,49,43,Above-7,M
424,425,F,MiddleSchool,G-08,Geology,90,79,76,79,Under-7,H
425,426,F,MiddleSchool,G-08,Geology,84,77,79,68,Under-7,H
426,427,M,MiddleSchool,G-08,Chemistry,80,80,62,11,Above-7,M
427,428,M,MiddleSchool,G-08,Chemistry,81,82,69,13,Above-7,M
428,429,M,MiddleSchool,G-08,Chemistry,10,0,2,41,Above-7,L
429,430,M,MiddleSchool,G-08,Chemistry,11,2,9,49,Above-7,L
430,431,M,MiddleSchool,G-08,Geology,85,89,22,61,Under-7,H
431,432,M,MiddleSchool,G-08,Geology,80,89,23,68,Under-7,H
432,433,M,MiddleSchool,G-08,Geology,95,87,62,81,Under-7,M
433,434,M,MiddleSchool,G-08,Geology,87,79,73,98,Under-7,M
434,435,M,MiddleSchool,G-08,Chemistry,85,87,72,10,Above-7,M
435,436,M,MiddleSchool,G-08,Chemistry,79,88,79,20,Above-7,M
436,437,M,MiddleSchool,G-08,Geology,80,81,71,30,Under-7,M
437,438,M,MiddleSchool,G-08,Geology,70,83,70,23,Under-7,M
438,439,M,MiddleSchool,G-08,Chemistry,80,82,76,19,Under-7,M
439,440,M,MiddleSchool,G-08,Chemistry,70,82,75,29,Under-7,M
440,441,M,MiddleSchool,G-08,Geology,89,87,86,15,Under-7,M
441,442,M,MiddleSchool,G-08,Geology,90,86,85,10,Under-7,M
442,443,M,MiddleSchool,G-08,History,69,77,76,75,Above-7,M
443,444,M,MiddleSchool,G-08,History,70,76,65,70,Above-7,M
444,445,M,MiddleSchool,G-08,Chemistry,75,72,64,39,Above-7,L
445,446,M,MiddleSchool,G-08,Chemistry,72,76,66,40,Above-7,L
446,447,M,MiddleSchool,G-08,Geology,77,82,74,79,Under-7,M
447,448,M,MiddleSchool,G-08,Geology,71,84,67,80,Under-7,M
448,449,M,MiddleSchool,G-08,History,87,92,74,89,Under-7,H
449,450,M,MiddleSchool,G-08,History,81,84,77,85,Under-7,H
450,451,F,MiddleSchool,G-08,Chemistry,15,97,22,10,Under-7,H
451,452,F,MiddleSchool,G-08,Chemistry,19,98,20,2,Under-7,H
452,453,F,MiddleSchool,G-08,Geology,25,82,52,20,Above-7,M
453,454,F,MiddleSchool,G-08,Geology,29,78,40,12,Above-7,M
454,455,F,MiddleSchool,G-08,History,45,87,57,80,Under-7,M
455,456,F,MiddleSchool,G-08,History,39,88,43,72,Under-7,M
456,457,F,MiddleSchool,G-08,Chemistry,85,90,52,30,Under-7,H
457,458,F,MiddleSchool,G-08,Chemistry,79,91,49,22,Under-7,H
458,459,M,MiddleSchool,G-08,Chemistry,90,91,80,81,Under-7,H
459,460,M,MiddleSchool,G-08,Chemistry,80,90,80,83,Under-7,H
460,461,M,MiddleSchool,G-08,Geology,80,83,82,71,Above-7,M
461,462,M,MiddleSchool,G-08,Geology,71,81,83,72,Above-7,M
462,463,M,MiddleSchool,G-08,History,72,87,72,89,Above-7,M
463,464,M,MiddleSchool,G-08,History,69,77,83,92,Above-7,M
464,465,F,MiddleSchool,G-08,Chemistry,85,99,42,90,Under-7,H
465,466,F,MiddleSchool,G-08,Chemistry,89,96,45,92,Under-7,H
466,467,F,MiddleSchool,G-08,Geology,80,82,64,58,Under-7,H
467,468,F,MiddleSchool,G-08,Geology,87,93,63,60,Under-7,H
468,469,F,MiddleSchool,G-08,Chemistry,15,9,14,80,Above-7,L
469,470,F,MiddleSchool,G-08,Chemistry,9,6,15,85,Above-7,L
470,471,M,MiddleSchool,G-08,History,81,86,86,41,Under-7,M
471,472,M,MiddleSchool,G-08,History,78,82,78,53,Under-7,M
472,473,M,MiddleSchool,G-08,Geology,80,87,74,68,Under-7,M
473,474,M,MiddleSchool,G-08,Geology,85,88,79,70,Under-7,M
474,475,F,MiddleSchool,G-08,Chemistry,2,7,4,8,Above-7,L
475,476,F,MiddleSchool,G-08,Chemistry,5,4,5,8,Above-7,L
476,477,F,MiddleSchool,G-08,Geology,50,77,14,28,Under-7,M
477,478,F,MiddleSchool,G-08,Geology,55,74,25,29,Under-7,M
478,479,F,MiddleSchool,G-08,History,30,17,14,57,Above-7,L
479,480,F,MiddleSchool,G-08,History,35,14,23,62,Above-7,L
